,name,CPIH ALL ITEMS
0,1988-01-01 00:00:00,46.851
1,1988-02-01 00:00:00,46.998
2,1988-03-01 00:00:00,47.202
3,1988-04-01 00:00:00,47.801
4,1988-05-01 00:00:00,48.044
5,1988-06-01 00:00:00,48.21
6,1988-07-01 00:00:00,48.233
7,1988-08-01 00:00:00,48.491
8,1988-09-01 00:00:00,48.716
9,1988-10-01 00:00:00,49.045
10,1988-11-01 00:00:00,49.307
11,1988-12-01 00:00:00,49.337
12,1989-01-01 00:00:00,49.53
13,1989-02-01 00:00:00,49.738
14,1989-03-01 00:00:00,50.003
15,1989-04-01 00:00:00,50.497
16,1989-05-01 00:00:00,50.866
17,1989-06-01 00:00:00,51.007
18,1989-07-01 00:00:00,50.996
19,1989-08-01 00:00:00,51.139
20,1989-09-01 00:00:00,51.51
21,1989-10-01 00:00:00,51.9
22,1989-11-01 00:00:00,52.093
23,1989-12-01 00:00:00,52.183
24,1990-01-01 00:00:00,52.448
25,1990-02-01 00:00:00,52.864
26,1990-03-01 00:00:00,53.085
27,1990-04-01 00:00:00,54.404
28,1990-05-01 00:00:00,55.026
29,1990-06-01 00:00:00,55.193
30,1990-07-01 00:00:00,55.183
31,1990-08-01 00:00:00,55.7
32,1990-09-01 00:00:00,56.228
33,1990-10-01 00:00:00,56.7
34,1990-11-01 00:00:00,56.872
35,1990-12-01 00:00:00,56.959
36,1991-01-01 00:00:00,56.964
37,1991-02-01 00:00:00,57.211
38,1991-03-01 00:00:00,57.494
39,1991-04-01 00:00:00,58.729
40,1991-05-01 00:00:00,59.158
41,1991-06-01 00:00:00,59.461
42,1991-07-01 00:00:00,59.343
43,1991-08-01 00:00:00,59.9
44,1991-09-01 00:00:00,60.091
45,1991-10-01 00:00:00,60.369
46,1991-11-01 00:00:00,60.547
47,1991-12-01 00:00:00,60.663
48,1992-01-01 00:00:00,60.522
49,1992-02-01 00:00:00,60.833
50,1992-03-01 00:00:00,61.064
51,1992-04-01 00:00:00,61.808
52,1992-05-01 00:00:00,62.164
53,1992-06-01 00:00:00,62.215
54,1992-07-01 00:00:00,62.022
55,1992-08-01 00:00:00,62.113
56,1992-09-01 00:00:00,62.293
57,1992-10-01 00:00:00,62.464
58,1992-11-01 00:00:00,62.542
59,1992-12-01 00:00:00,62.602
60,1993-01-01 00:00:00,62.351
61,1993-02-01 00:00:00,62.737
62,1993-03-01 00:00:00,63.045
63,1993-04-01 00:00:00,63.415
64,1993-05-01 00:00:00,63.569
65,1993-06-01 00:00:00,63.576
66,1993-07-01 00:00:00,63.43
67,1993-08-01 00:00:00,63.719
68,1993-09-01 00:00:00,63.955
69,1993-10-01 00:00:00,63.953
70,1993-11-01 00:00:00,63.846
71,1993-12-01 00:00:00,64.02
72,1994-01-01 00:00:00,63.965
73,1994-02-01 00:00:00,64.246
74,1994-03-01 00:00:00,64.423
75,1994-04-01 00:00:00,64.933
76,1994-05-01 00:00:00,65.066
77,1994-06-01 00:00:00,65.061
78,1994-07-01 00:00:00,64.738
79,1994-08-01 00:00:00,65.09
80,1994-09-01 00:00:00,65.198
81,1994-10-01 00:00:00,65.102
82,1994-11-01 00:00:00,65.206
83,1994-12-01 00:00:00,65.456
84,1995-01-01 00:00:00,65.481
85,1995-02-01 00:00:00,65.717
86,1995-03-01 00:00:00,65.997
87,1995-04-01 00:00:00,66.425
88,1995-05-01 00:00:00,66.734
89,1995-06-01 00:00:00,66.81
90,1995-07-01 00:00:00,66.579
91,1995-08-01 00:00:00,66.858
92,1995-09-01 00:00:00,67.161
93,1995-10-01 00:00:00,67.069
94,1995-11-01 00:00:00,67.098
95,1995-12-01 00:00:00,67.487
96,1996-01-01 00:00:00,67.386
97,1996-02-01 00:00:00,67.717
98,1996-03-01 00:00:00,67.945
99,1996-04-01 00:00:00,68.307
100,1996-05-01 00:00:00,68.612
101,1996-06-01 00:00:00,68.658
102,1996-07-01 00:00:00,68.346
103,1996-08-01 00:00:00,68.685
104,1996-09-01 00:00:00,69.002
105,1996-10-01 00:00:00,69.06
106,1996-11-01 00:00:00,69.164
107,1996-12-01 00:00:00,69.363
108,1997-01-01 00:00:00,69.158
109,1997-02-01 00:00:00,69.308
110,1997-03-01 00:00:00,69.446
111,1997-04-01 00:00:00,69.743
112,1997-05-01 00:00:00,70.021
113,1997-06-01 00:00:00,70.13
114,1997-07-01 00:00:00,69.963
115,1997-08-01 00:00:00,70.275
116,1997-09-01 00:00:00,70.511
117,1997-10-01 00:00:00,70.559
118,1997-11-01 00:00:00,70.593
119,1997-12-01 00:00:00,70.706
120,1998-01-01 00:00:00,70.376
121,1998-02-01 00:00:00,70.584
122,1998-03-01 00:00:00,70.769
123,1998-04-01 00:00:00,71.206
124,1998-05-01 00:00:00,71.545
125,1998-06-01 00:00:00,71.445
126,1998-07-01 00:00:00,71.18
127,1998-08-01 00:00:00,71.408
128,1998-09-01 00:00:00,71.694
129,1998-10-01 00:00:00,71.716
130,1998-11-01 00:00:00,71.803
131,1998-12-01 00:00:00,72.03
132,1999-01-01 00:00:00,71.769
133,1999-02-01 00:00:00,71.926
134,1999-03-01 00:00:00,72.253
135,1999-04-01 00:00:00,72.622
136,1999-05-01 00:00:00,72.779
137,1999-06-01 00:00:00,72.702
138,1999-07-01 00:00:00,72.381
139,1999-08-01 00:00:00,72.575
140,1999-09-01 00:00:00,72.817
141,1999-10-01 00:00:00,72.777
142,1999-11-01 00:00:00,72.898
143,1999-12-01 00:00:00,73.103
144,2000-01-01 00:00:00,72.622
145,2000-02-01 00:00:00,72.808
146,2000-03-01 00:00:00,72.957
147,2000-04-01 00:00:00,73.291
148,2000-05-01 00:00:00,73.486
149,2000-06-01 00:00:00,73.575
150,2000-07-01 00:00:00,73.285
151,2000-08-01 00:00:00,73.317
152,2000-09-01 00:00:00,73.77
153,2000-10-01 00:00:00,73.783
154,2000-11-01 00:00:00,73.975
155,2000-12-01 00:00:00,74.004
156,2001-01-01 00:00:00,73.516
157,2001-02-01 00:00:00,73.709
158,2001-03-01 00:00:00,73.939
159,2001-04-01 00:00:00,74.407
160,2001-05-01 00:00:00,74.877
161,2001-06-01 00:00:00,74.999
162,2001-07-01 00:00:00,74.549
163,2001-08-01 00:00:00,74.827
164,2001-09-01 00:00:00,75.037
165,2001-10-01 00:00:00,74.948
166,2001-11-01 00:00:00,74.852
167,2001-12-01 00:00:00,75.011
168,2002-01-01 00:00:00,74.837
169,2002-02-01 00:00:00,74.953
170,2002-03-01 00:00:00,75.196
171,2002-04-01 00:00:00,75.631
172,2002-05-01 00:00:00,75.807
173,2002-06-01 00:00:00,75.811
174,2002-07-01 00:00:00,75.607
175,2002-08-01 00:00:00,75.784
176,2002-09-01 00:00:00,75.974
177,2002-10-01 00:00:00,76.098
178,2002-11-01 00:00:00,76.065
179,2002-12-01 00:00:00,76.291
180,2003-01-01 00:00:00,75.894
181,2003-02-01 00:00:00,76.142
182,2003-03-01 00:00:00,76.388
183,2003-04-01 00:00:00,76.801
184,2003-05-01 00:00:00,76.808
185,2003-06-01 00:00:00,76.686
186,2003-07-01 00:00:00,76.623
187,2003-08-01 00:00:00,76.829
188,2003-09-01 00:00:00,76.992
189,2003-10-01 00:00:00,77.092
190,2003-11-01 00:00:00,77.067
191,2003-12-01 00:00:00,77.268
192,2004-01-01 00:00:00,77.001
193,2004-02-01 00:00:00,77.18
194,2004-03-01 00:00:00,77.29
195,2004-04-01 00:00:00,77.647
196,2004-05-01 00:00:00,77.871
197,2004-06-01 00:00:00,77.855
198,2004-07-01 00:00:00,77.713
199,2004-08-01 00:00:00,77.872
200,2004-09-01 00:00:00,77.919
201,2004-10-01 00:00:00,78.126
202,2004-11-01 00:00:00,78.258
203,2004-12-01 00:00:00,78.622
204,2005-01-01 00:00:00,78.321
205,2005-02-01 00:00:00,78.497
206,2005-03-01 00:00:00,78.801
207,2005-04-01 00:00:00,79.13
208,2005-05-01 00:00:00,79.355
209,2005-06-01 00:00:00,79.426
210,2005-07-01 00:00:00,79.478
211,2005-08-01 00:00:00,79.713
212,2005-09-01 00:00:00,79.857
213,2005-10-01 00:00:00,79.997
214,2005-11-01 00:00:00,80.017
215,2005-12-01 00:00:00,80.259
216,2006-01-01 00:00:00,80.011
217,2006-02-01 00:00:00,80.242
218,2006-03-01 00:00:00,80.4
219,2006-04-01 00:00:00,80.905
220,2006-05-01 00:00:00,81.276
221,2006-06-01 00:00:00,81.501
222,2006-07-01 00:00:00,81.474
223,2006-08-01 00:00:00,81.774
224,2006-09-01 00:00:00,81.868
225,2006-10-01 00:00:00,81.998
226,2006-11-01 00:00:00,82.222
227,2006-12-01 00:00:00,82.605
228,2007-01-01 00:00:00,82.146
229,2007-02-01 00:00:00,82.426
230,2007-03-01 00:00:00,82.77
231,2007-04-01 00:00:00,83.088
232,2007-05-01 00:00:00,83.317
233,2007-06-01 00:00:00,83.501
234,2007-07-01 00:00:00,83.12
235,2007-08-01 00:00:00,83.411
236,2007-09-01 00:00:00,83.477
237,2007-10-01 00:00:00,83.846
238,2007-11-01 00:00:00,84.057
239,2007-12-01 00:00:00,84.501
240,2008-01-01 00:00:00,84.1
241,2008-02-01 00:00:00,84.597
242,2008-03-01 00:00:00,84.921
243,2008-04-01 00:00:00,85.588
244,2008-05-01 00:00:00,86.069
245,2008-06-01 00:00:00,86.574
246,2008-07-01 00:00:00,86.608
247,2008-08-01 00:00:00,87.081
248,2008-09-01 00:00:00,87.461
249,2008-10-01 00:00:00,87.327
250,2008-11-01 00:00:00,87.284
251,2008-12-01 00:00:00,87.061
252,2009-01-01 00:00:00,86.575
253,2009-02-01 00:00:00,87.192
254,2009-03-01 00:00:00,87.305
255,2009-04-01 00:00:00,87.539
256,2009-05-01 00:00:00,87.911
257,2009-06-01 00:00:00,88.069
258,2009-07-01 00:00:00,88.03
259,2009-08-01 00:00:00,88.314
260,2009-09-01 00:00:00,88.336
261,2009-10-01 00:00:00,88.408
262,2009-11-01 00:00:00,88.59
263,2009-12-01 00:00:00,88.932
264,2010-01-01 00:00:00,88.785
265,2010-02-01 00:00:00,89.04
266,2010-03-01 00:00:00,89.439
267,2010-04-01 00:00:00,89.886
268,2010-05-01 00:00:00,90.066
269,2010-06-01 00:00:00,90.17
270,2010-07-01 00:00:00,90.026
271,2010-08-01 00:00:00,90.412
272,2010-09-01 00:00:00,90.433
273,2010-10-01 00:00:00,90.635
274,2010-11-01 00:00:00,90.93
275,2010-12-01 00:00:00,91.661
276,2011-01-01 00:00:00,91.773
277,2011-02-01 00:00:00,92.321
278,2011-03-01 00:00:00,92.564
279,2011-04-01 00:00:00,93.323
280,2011-05-01 00:00:00,93.511
281,2011-06-01 00:00:00,93.456
282,2011-07-01 00:00:00,93.457
283,2011-08-01 00:00:00,93.922
284,2011-09-01 00:00:00,94.459
285,2011-10-01 00:00:00,94.534
286,2011-11-01 00:00:00,94.675
287,2011-12-01 00:00:00,95.03
288,2012-01-01 00:00:00,94.677
289,2012-02-01 00:00:00,95.157
290,2012-03-01 00:00:00,95.411
291,2012-04-01 00:00:00,95.897
292,2012-05-01 00:00:00,95.875
293,2012-06-01 00:00:00,95.581
294,2012-07-01 00:00:00,95.665
295,2012-08-01 00:00:00,96.081
296,2012-09-01 00:00:00,96.418
297,2012-10-01 00:00:00,96.831
298,2012-11-01 00:00:00,96.972
299,2012-12-01 00:00:00,97.344
300,2013-01-01 00:00:00,96.976
301,2013-02-01 00:00:00,97.52
302,2013-03-01 00:00:00,97.809
303,2013-04-01 00:00:00,97.998
304,2013-05-01 00:00:00,98.192
305,2013-06-01 00:00:00,98.046
306,2013-07-01 00:00:00,98.028
307,2013-08-01 00:00:00,98.398
308,2013-09-01 00:00:00,98.684
309,2013-10-01 00:00:00,98.752
310,2013-11-01 00:00:00,98.823
311,2013-12-01 00:00:00,99.175
312,2014-01-01 00:00:00,98.704
313,2014-02-01 00:00:00,99.113
314,2014-03-01 00:00:00,99.305
315,2014-04-01 00:00:00,99.641
316,2014-05-01 00:00:00,99.622
317,2014-06-01 00:00:00,99.798
318,2014-07-01 00:00:00,99.567
319,2014-08-01 00:00:00,99.913
320,2014-09-01 00:00:00,99.957
321,2014-10-01 00:00:00,100.085
322,2014-11-01 00:00:00,99.893
323,2014-12-01 00:00:00,99.912
324,2015-01-01 00:00:00,99.241
325,2015-02-01 00:00:00,99.464
326,2015-03-01 00:00:00,99.64
327,2015-04-01 00:00:00,99.897
328,2015-05-01 00:00:00,100.063
329,2015-06-01 00:00:00,100.121
330,2015-07-01 00:00:00,100.026
331,2015-08-01 00:00:00,100.265
332,2015-09-01 00:00:00,100.197
333,2015-10-01 00:00:00,100.325
334,2015-11-01 00:00:00,100.333
335,2015-12-01 00:00:00,100.429
336,2016-01-01 00:00:00,99.862
337,2016-02-01 00:00:00,100.079
338,2016-03-01 00:00:00,100.389
339,2016-04-01 00:00:00,100.582
340,2016-05-01 00:00:00,100.772
341,2016-06-01 00:00:00,100.951
342,2016-07-01 00:00:00,100.928
343,2016-08-01 00:00:00,101.223
344,2016-09-01 00:00:00,101.461
345,2016-10-01 00:00:00,101.589
346,2016-11-01 00:00:00,101.795
347,2016-12-01 00:00:00,102.203
348,2017-01-01 00:00:00,101.792
349,2017-02-01 00:00:00,102.406
350,2017-03-01 00:00:00,102.732
351,2017-04-01 00:00:00,103.226
352,2017-05-01 00:00:00,103.533
353,2017-06-01 00:00:00,103.534
354,2017-07-01 00:00:00,103.506
355,2017-08-01 00:00:00,104.002
356,2017-09-01 00:00:00,104.312
357,2017-10-01 00:00:00,104.397
358,2017-11-01 00:00:00,104.664
359,2017-12-01 00:00:00,104.98
360,2018-01-01 00:00:00,104.544
361,2018-02-01 00:00:00,104.919
362,2018-03-01 00:00:00,105.062
363,2018-04-01 00:00:00,105.524
364,2018-05-01 00:00:00,105.863
365,2018-06-01 00:00:00,105.87
366,2018-07-01 00:00:00,105.859
367,2018-08-01 00:00:00,106.5
368,2018-09-01 00:00:00,106.628
369,2018-10-01 00:00:00,106.712
370,2018-11-01 00:00:00,106.921
371,2018-12-01 00:00:00,107.066
372,2019-01-01 00:00:00,106.392
373,2019-02-01 00:00:00,106.808
374,2019-03-01 00:00:00,106.987
375,2019-04-01 00:00:00,107.639
376,2019-05-01 00:00:00,107.919
377,2019-06-01 00:00:00,107.907
378,2019-07-01 00:00:00,107.953
379,2019-08-01 00:00:00,108.301
380,2019-09-01 00:00:00,108.414
381,2019-10-01 00:00:00,108.285
382,2019-11-01 00:00:00,108.516
383,2019-12-01 00:00:00,108.52
384,2020-01-01 00:00:00,108.268
385,2020-02-01 00:00:00,108.631
386,2020-03-01 00:00:00,108.637
387,2020-04-01 00:00:00,108.63
388,2020-05-01 00:00:00,108.648
389,2020-06-01 00:00:00,108.769
390,2020-07-01 00:00:00,109.184
391,2020-08-01 00:00:00,108.834
392,2020-09-01 00:00:00,109.219
393,2020-10-01 00:00:00,109.242
394,2020-11-01 00:00:00,109.137
395,2020-12-01 00:00:00,109.404
396,2021-01-01 00:00:00,109.276
397,2021-02-01 00:00:00,109.424
398,2021-03-01 00:00:00,109.676
399,2021-04-01 00:00:00,110.403
400,2021-05-01 00:00:00,110.953
401,2021-06-01 00:00:00,111.432
402,2021-07-01 00:00:00,111.445
403,2021-08-01 00:00:00,112.114
404,2021-09-01 00:00:00,112.409
405,2021-10-01 00:00:00,113.425
406,2021-11-01 00:00:00,114.134
407,2021-12-01 00:00:00,114.682
408,2022-01-01 00:00:00,114.636
409,2022-02-01 00:00:00,115.421
410,2022-03-01 00:00:00,116.502
411,2022-04-01 00:00:00,119.001
412,2022-05-01 00:00:00,119.698
413,2022-06-01 00:00:00,120.542
414,2022-07-01 00:00:00,121.218
415,2022-08-01 00:00:00,121.772
416,2022-09-01 00:00:00,122.32
417,2022-10-01 00:00:00,124.311
418,2022-11-01 00:00:00,124.787
419,2022-12-01 00:00:00,125.284
420,2023-01-01 00:00:00,124.774
421,2023-02-01 00:00:00,125.992
422,2023-03-01 00:00:00,126.829
423,2023-04-01 00:00:00,128.339
424,2023-05-01 00:00:00,129.127
425,2023-06-01 00:00:00,129.354
426,2023-07-01 00:00:00,128.957
427,2023-08-01 00:00:00,129.431
428,2023-09-01 00:00:00,130.071
429,2023-10-01 00:00:00,130.21
430,2023-11-01 00:00:00,130.049
431,2023-12-01 00:00:00,130.549
432,2024-01-01 00:00:00,130.036
433,2024-02-01 00:00:00,130.838
434,2024-03-01 00:00:00,131.592
435,2024-04-01 00:00:00,132.243
436,2024-05-01 00:00:00,132.728
437,2024-06-01 00:00:00,132.985
438,2024-07-01 00:00:00,132.935
439,2024-08-01 00:00:00,133.405
440,2024-09-01 00:00:00,133.513
441,2024-10-01 00:00:00,134.327
442,2024-11-01 00:00:00,134.614
443,2024-12-01 00:00:00,135.07
444,2025-01-01 00:00:00,135.05
445,2025-02-01 00:00:00,135.625
446,2025-03-01 00:00:00,136.091
447,2025-04-01 00:00:00,137.712
448,2025-05-01 00:00:00,137.996
449,2025-06-01 00:00:00,138.428
450,2025-07-01 00:00:00,138.468
451,2025-08-01 00:00:00,138.867
452,2025-09-01 00:00:00,138.936
453,2025-10-01 00:00:00,139.454
454,2025-11-01 00:00:00,139.361
455,2025-12-01 00:00:00,139.892
456,2026-01-01 00:00:00,139.42
457,2026-02-01 00:00:00,139.962
458,2026-03-01 00:00:00,140.755
459,2026-04-01 00:00:00,141.839
460,,
461,Key:    - zero or negligible ..  not available (nec) not elsewhere covered,
462,,
463,A minor error has been identified in the consumer price inflation item for ‘package holidays’. This error has no impact on the published headline ,
464,"rate of inflation for the Consumer Prices Index including owner occupiers' housing costs (CPIH), the Consumer Prices Index (CPI) or the Retail Prices Index (RPI). ",
465,The error is isolated to package holidays and would have led to the recreation and culture division annual inflation rate being 0.1 percentage point lower in ,
466,"May 2025 for both CPIH and CPI. In line with our consumer prices corrections and revisions policy, these statistics will not be amended.  ",
467,,
468,"Following a minor correction of the method used to impute missing seasonal items last month, we have made a further minor correction to resolve a residual issue with three ",
469,seasonal items that affects lower-level aggregates in July 2025 data only. This has no impact on the headline Consumer Prices Index (CPI) or the Consumer Prices Index including,
470,owner occupiers’ housing costs (CPIH) annual growth rates. The Retail Prices Index (RPI) is also unaffected.,
471,"In line with our consumer prices revisions and correction of errors policy, we have not corrected the indices for July 2025. However, we have corrected the error in the August 2025 published indices. ",
472,"This error is isolated to the imputation process of three seasonal items in July 2025 only. It was identified as part of a programme of work to modernise the production of consumer prices inflation, ",
473,including building a more robust production system as we move towards incorporating scanner data in 2026.,
474,,
475,An error has been identified in the implementation of the method used to impute missing seasonal item indices in months where no price data are available. ,
476,This error has no impact on headline Consumer Prices Index (CPI) or the Consumer Prices Index including owner occupiers’ housing costs (CPIH) annual growth rates. The Retail Prices Index (RPI) is also unaffected. ,
477,This minor error has no impact on growth rates at divisional level.,
478,"However, a small number of classes within two divisions - ‘furniture, household equipment and maintenance’ and ‘recreation and culture’ - ",
479,have seen annual growth impacted by up to 0.1 percentage points for the periods February to June 2025.,
480,More details on the lower-level impacts can be found in our CPIH microdata release: ,
481,https://www.ons.gov.uk/economy/inflationandpriceindices/datasets/consumerpriceindicescpiandretailpricesindexrpiitemindicesandpricequotes,
482,,
483,"In December 2018, we published extended series for the components of CPIH covering 1988 to 2004. We have now added historical series for the goods ",
484,and services analyses (included in columns DY to FY above). All of the extended series were modelled after the introduction of CPIH and do not form part ,
485,of the ongoing accredited official statistics series at 1dp.,
486,,
487,"From the release of January consumer price inflation data on 16 February 2016, CPIH and CPI indices have been re-referenced and published with 2015=100.",
488,Full historic series for each of the re-referenced indices are available for users to view or download.,
489,Regular re-referencing of indices is methodological good practice as it avoids rounding issues that can arise from small index values. ,
490,"Please note that re-referencing does not impact on published inflation rates, although when using the indices to calculate inflation rates, ",
491,it is important to use indices that are referenced on the same year. Re-referencing does not impact on RPI.,
492,"For more information, please contact cpi@ons.gov.uk.",
